variant_id,variant_name,standard_id,standard_label,variant_type,domain,seniority_hint
V00001,产品经理,product_manager,产品经理,canonical,,
V00002,产品负责人,product_manager,产品经理,variant,,
V00003,产品主管,product_manager,产品经理,variant,,
V00004,产品专员,product_manager,产品经理,variant,,
V00005,产品助理,product_manager,产品经理,variant,,
V00006,产品 owner,product_manager,产品经理,variant,,
V00007,产品 lead,product_manager,产品经理,variant,,
V00008,PM,product_manager,产品经理,variant,,
V00009,product manager,product_manager,产品经理,variant,,
V00010,product owner,product_manager,产品经理,variant,,
V00011,高级产品经理,product_manager,产品经理,variant,,
V00012,资深产品经理,product_manager,产品经理,variant,,
V00013,产品工程师,product_manager,产品经理,variant,,
V00014,产品策划,product_manager,产品经理,variant,,
V00015,产品总监,product_manager,产品经理,senior_variant,,
V00016,产品VP,product_manager,产品经理,senior_variant,,
V00017,CPO,product_manager,产品经理,senior_variant,,
V00018,首席产品官,product_manager,产品经理,senior_variant,,
V00019,产品部总经理,product_manager,产品经理,senior_variant,,
V00020,AI产品经理,product_manager,产品经理,domain_variant,AI,
V00021,AI产品负责人,product_manager,产品经理,domain_variant,AI,
V00022,硬件产品经理,product_manager,产品经理,domain_variant,硬件,
V00023,数据产品经理,product_manager,产品经理,domain_variant,数据,
V00024,数据产品负责人,product_manager,产品经理,domain_variant,数据,
V00025,商业化产品经理,product_manager,产品经理,domain_variant,商业化,
V00026,招聘产品经理,product_manager,产品经理,domain_variant,招聘,
V00027,B端产品经理,product_manager,产品经理,domain_variant,B端,
V00028,后台产品经理,product_manager,产品经理,domain_variant,B端,
V00029,中台产品经理,product_manager,产品经理,domain_variant,B端,
V00030,C端产品经理,product_manager,产品经理,domain_variant,C端,
V00031,增长产品经理,product_manager,产品经理,domain_variant,增长,
V00032,策略产品经理,product_manager,产品经理,domain_variant,策略,
V00033,运营经理,operations_manager,运营经理,canonical,,
V00034,运营负责人,operations_manager,运营经理,variant,,
V00035,运营主管,operations_manager,运营经理,variant,,
V00036,运营专员,operations_manager,运营经理,variant,,
V00037,运营 leader,operations_manager,运营经理,variant,,
V00038,运营 head,operations_manager,运营经理,variant,,
V00039,高级运营经理,operations_manager,运营经理,variant,,
V00040,资深运营,operations_manager,运营经理,variant,,
V00041,运营总监,operations_manager,运营经理,senior_variant,,
V00042,COO,operations_manager,运营经理,senior_variant,,
V00043,首席运营官,operations_manager,运营经理,senior_variant,,
V00044,运营VP,operations_manager,运营经理,senior_variant,,
V00045,用户运营,operations_manager,运营经理,domain_variant,用户,
V00046,用户运营经理,operations_manager,运营经理,domain_variant,用户,
V00047,用户运营负责人,operations_manager,运营经理,domain_variant,用户,
V00048,内容运营,operations_manager,运营经理,domain_variant,内容,
V00049,内容运营经理,operations_manager,运营经理,domain_variant,内容,
V00050,内容运营负责人,operations_manager,运营经理,domain_variant,内容,
V00051,社区运营,operations_manager,运营经理,domain_variant,社区,
V00052,社区运营经理,operations_manager,运营经理,domain_variant,社区,
V00053,活动运营,operations_manager,运营经理,domain_variant,活动,
V00054,活动策划,operations_manager,运营经理,domain_variant,活动,
V00055,增长经理,operations_manager,运营经理,domain_variant,增长,
V00056,增长负责人,operations_manager,运营经理,domain_variant,增长,
V00057,用户增长,operations_manager,运营经理,domain_variant,增长,
V00058,增长运营,operations_manager,运营经理,domain_variant,增长,
V00059,电商运营,operations_manager,运营经理,domain_variant,电商,
V00060,电商运营经理,operations_manager,运营经理,domain_variant,电商,
V00061,直播运营,operations_manager,运营经理,domain_variant,直播,
V00062,直播运营经理,operations_manager,运营经理,domain_variant,直播,
V00063,新媒体运营,operations_manager,运营经理,domain_variant,新媒体,
V00064,新媒体运营经理,operations_manager,运营经理,domain_variant,新媒体,
V00065,私域运营,operations_manager,运营经理,domain_variant,私域,
V00066,私域运营经理,operations_manager,运营经理,domain_variant,私域,
V00067,海外运营,operations_manager,运营经理,domain_variant,海外,
V00068,海外运营经理,operations_manager,运营经理,domain_variant,海外,
V00069,海外增长运营,operations_manager,运营经理,domain_variant,海外,
V00070,产品运营,operations_manager,运营经理,domain_variant,产品运营,
V00071,产品运营经理,operations_manager,运营经理,domain_variant,产品运营,
V00072,策略运营,operations_manager,运营经理,domain_variant,策略,
V00073,策略运营负责人,operations_manager,运营经理,domain_variant,策略,
V00074,商业化运营,operations_manager,运营经理,domain_variant,商业化,
V00075,商业化运营负责人,operations_manager,运营经理,domain_variant,商业化,
V00076,平台运营,operations_manager,运营经理,domain_variant,平台,
V00077,平台运营经理,operations_manager,运营经理,domain_variant,平台,
V00078,本地化运营,operations_manager,运营经理,domain_variant,本地化,
V00079,KOL运营,operations_manager,运营经理,domain_variant,KOL,
V00080,达人运营,operations_manager,运营经理,domain_variant,KOL,
V00081,市场经理,marketing_manager,市场经理,canonical,,
V00082,市场负责人,marketing_manager,市场经理,variant,,
V00083,市场主管,marketing_manager,市场经理,variant,,
V00084,市场专员,marketing_manager,市场经理,variant,,
V00085,Marketing Manager,marketing_manager,市场经理,variant,,
V00086,Marketing Head,marketing_manager,市场经理,variant,,
V00087,高级市场经理,marketing_manager,市场经理,variant,,
V00088,市场总监,marketing_manager,市场经理,senior_variant,,
V00089,CMO,marketing_manager,市场经理,senior_variant,,
V00090,首席市场官,marketing_manager,市场经理,senior_variant,,
V00091,市场VP,marketing_manager,市场经理,senior_variant,,
V00092,品牌经理,marketing_manager,市场经理,domain_variant,品牌,
V00093,品牌负责人,marketing_manager,市场经理,domain_variant,品牌,
V00094,品牌总监,marketing_manager,市场经理,domain_variant,品牌,
V00095,品牌主管,marketing_manager,市场经理,domain_variant,品牌,
V00096,品牌策划,marketing_manager,市场经理,domain_variant,品牌,
V00097,公关经理,marketing_manager,市场经理,domain_variant,公关,
V00098,公关负责人,marketing_manager,市场经理,domain_variant,公关,
V00099,品牌公关总监,marketing_manager,市场经理,domain_variant,公关,
V00100,PR经理,marketing_manager,市场经理,domain_variant,公关,
V00101,营销经理,marketing_manager,市场经理,domain_variant,营销,
V00102,营销负责人,marketing_manager,市场经理,domain_variant,营销,
V00103,数字营销经理,marketing_manager,市场经理,domain_variant,营销,
V00104,渠道经理,marketing_manager,市场经理,domain_variant,渠道,
V00105,渠道负责人,marketing_manager,市场经理,domain_variant,渠道,
V00106,海外市场经理,marketing_manager,市场经理,domain_variant,海外,
V00107,海外营销经理,marketing_manager,市场经理,domain_variant,海外,
V00108,GTM经理,marketing_manager,市场经理,domain_variant,GTM,
V00109,市场推广经理,marketing_manager,市场经理,domain_variant,GTM,
V00110,人力资源经理,hr_manager,人力资源经理,canonical,,
V00111,HR经理,hr_manager,人力资源经理,variant,,
V00112,HR负责人,hr_manager,人力资源经理,variant,,
V00113,HR主管,hr_manager,人力资源经理,variant,,
V00114,人事经理,hr_manager,人力资源经理,variant,,
V00115,人事负责人,hr_manager,人力资源经理,variant,,
V00116,人事主管,hr_manager,人力资源经理,variant,,
V00117,人力经理,hr_manager,人力资源经理,variant,,
V00118,人力负责人,hr_manager,人力资源经理,variant,,
V00119,高级HR经理,hr_manager,人力资源经理,variant,,
V00120,人力资源总监,hr_manager,人力资源经理,senior_variant,,
V00121,人力总监,hr_manager,人力资源经理,senior_variant,,
V00122,HRD,hr_manager,人力资源经理,senior_variant,,
V00123,HRVP,hr_manager,人力资源经理,senior_variant,,
V00124,CHRO,hr_manager,人力资源经理,senior_variant,,
V00125,首席人力官,hr_manager,人力资源经理,senior_variant,,
V00126,人力VP,hr_manager,人力资源经理,senior_variant,,
V00127,招聘经理,hr_manager,人力资源经理,domain_variant,招聘,
V00128,招聘负责人,hr_manager,人力资源经理,domain_variant,招聘,
V00129,招聘专员,hr_manager,人力资源经理,domain_variant,招聘,
V00130,招聘主管,hr_manager,人力资源经理,domain_variant,招聘,
V00131,招聘总监,hr_manager,人力资源经理,domain_variant,招聘,
V00132,TA经理,hr_manager,人力资源经理,domain_variant,招聘,
V00133,Talent Acquisition,hr_manager,人力资源经理,domain_variant,招聘,
V00134,HRBP,hr_manager,人力资源经理,domain_variant,HRBP,
V00135,人力资源业务伙伴,hr_manager,人力资源经理,domain_variant,HRBP,
V00136,薪酬经理,hr_manager,人力资源经理,domain_variant,薪酬,
V00137,薪酬福利经理,hr_manager,人力资源经理,domain_variant,薪酬,
V00138,C&B经理,hr_manager,人力资源经理,domain_variant,薪酬,
V00139,绩效经理,hr_manager,人力资源经理,domain_variant,绩效,
V00140,绩效负责人,hr_manager,人力资源经理,domain_variant,绩效,
V00141,OD经理,hr_manager,人力资源经理,domain_variant,OD,
V00142,组织发展经理,hr_manager,人力资源经理,domain_variant,OD,
V00143,组织发展负责人,hr_manager,人力资源经理,domain_variant,OD,
V00144,培训经理,hr_manager,人力资源经理,domain_variant,培训,
V00145,培训负责人,hr_manager,人力资源经理,domain_variant,培训,
V00146,学习与发展经理,hr_manager,人力资源经理,domain_variant,培训,
V00147,员工关系经理,hr_manager,人力资源经理,domain_variant,员工关系,
V00148,ER经理,hr_manager,人力资源经理,domain_variant,员工关系,
V00149,雇主品牌经理,hr_manager,人力资源经理,domain_variant,雇主品牌,
V00150,雇主品牌负责人,hr_manager,人力资源经理,domain_variant,雇主品牌,
V00151,企业文化负责人,hr_manager,人力资源经理,domain_variant,雇主品牌,
V00152,投资经理,investment_manager,投资经理,canonical,,
V00153,投资负责人,investment_manager,投资经理,variant,,
V00154,投资主管,investment_manager,投资经理,variant,,
V00155,投资专员,investment_manager,投资经理,variant,,
V00156,投资分析师,investment_manager,投资经理,variant,,
V00157,投资助理,investment_manager,投资经理,variant,,
V00158,高级投资经理,investment_manager,投资经理,variant,,
V00159,投资总监,investment_manager,投资经理,senior_variant,,
V00160,合伙人,investment_manager,投资经理,senior_variant,,
V00161,投资VP,investment_manager,投资经理,senior_variant,,
V00162,基金经理,investment_manager,投资经理,senior_variant,,
V00163,管理合伙人,investment_manager,投资经理,senior_variant,,
V00164,战投经理,investment_manager,投资经理,domain_variant,战投,
V00165,战略投资经理,investment_manager,投资经理,domain_variant,战投,
V00166,战略投资负责人,investment_manager,投资经理,domain_variant,战投,
V00167,风控经理,investment_manager,投资经理,domain_variant,风控,
V00168,风控总监,investment_manager,投资经理,domain_variant,风控,
V00169,风控负责人,investment_manager,投资经理,domain_variant,风控,
V00170,风险管理经理,investment_manager,投资经理,domain_variant,风控,
V00171,投后经理,investment_manager,投资经理,domain_variant,投后,
V00172,投后管理负责人,investment_manager,投资经理,domain_variant,投后,
V00173,并购经理,investment_manager,投资经理,domain_variant,并购,
V00174,M&A经理,investment_manager,投资经理,domain_variant,并购,
V00175,销售经理,sales_manager,销售经理,canonical,,
V00176,销售负责人,sales_manager,销售经理,variant,,
V00177,销售主管,sales_manager,销售经理,variant,,
V00178,销售专员,sales_manager,销售经理,variant,,
V00179,商务经理,sales_manager,销售经理,variant,,
V00180,商务负责人,sales_manager,销售经理,variant,,
V00181,商务主管,sales_manager,销售经理,variant,,
V00182,客户经理,sales_manager,销售经理,variant,,
V00183,高级销售经理,sales_manager,销售经理,variant,,
V00184,Sales Manager,sales_manager,销售经理,variant,,
V00185,销售总监,sales_manager,销售经理,senior_variant,,
V00186,商务总监,sales_manager,销售经理,senior_variant,,
V00187,VP Sales,sales_manager,销售经理,senior_variant,,
V00188,销售VP,sales_manager,销售经理,senior_variant,,
V00189,首席销售官,sales_manager,销售经理,senior_variant,,
V00190,CSO,sales_manager,销售经理,senior_variant,,
V00191,BD经理,sales_manager,销售经理,domain_variant,BD,
V00192,BD负责人,sales_manager,销售经理,domain_variant,BD,
V00193,BD专员,sales_manager,销售经理,domain_variant,BD,
V00194,商务拓展经理,sales_manager,销售经理,domain_variant,BD,
V00195,大客户经理,sales_manager,销售经理,domain_variant,大客户,
V00196,KA经理,sales_manager,销售经理,domain_variant,大客户,
V00197,大客户负责人,sales_manager,销售经理,domain_variant,大客户,
V00198,Key Account Manager,sales_manager,销售经理,domain_variant,大客户,
V00199,渠道销售经理,sales_manager,销售经理,domain_variant,渠道,
V00200,渠道销售负责人,sales_manager,销售经理,domain_variant,渠道,
V00201,海外销售经理,sales_manager,销售经理,domain_variant,海外,
V00202,海外销售负责人,sales_manager,销售经理,domain_variant,海外,
V00203,海外商务,sales_manager,销售经理,domain_variant,海外,
V00204,区域经理,sales_manager,销售经理,domain_variant,区域,
V00205,区域销售经理,sales_manager,销售经理,domain_variant,区域,
V00206,区域负责人,sales_manager,销售经理,domain_variant,区域,
V00207,大区经理,sales_manager,销售经理,domain_variant,区域,
V00208,城市经理,sales_manager,销售经理,domain_variant,区域,
V00209,全国销售负责人,sales_manager,销售经理,domain_variant,全国,
V00210,全国销售运营负责人,sales_manager,销售经理,domain_variant,全国,
V00211,售前经理,sales_manager,销售经理,domain_variant,售前,
V00212,售前顾问,sales_manager,销售经理,domain_variant,售前,
V00213,解决方案经理,sales_manager,销售经理,domain_variant,售前,
V00214,售前负责人,sales_manager,销售经理,domain_variant,售前,
V00215,客户成功经理,sales_manager,销售经理,domain_variant,客户成功,
V00216,CSM,sales_manager,销售经理,domain_variant,客户成功,
V00217,客户成功负责人,sales_manager,销售经理,domain_variant,客户成功,
V00218,财务经理,finance_manager,财务经理,canonical,,
V00219,财务负责人,finance_manager,财务经理,variant,,
V00220,财务主管,finance_manager,财务经理,variant,,
V00221,财务专员,finance_manager,财务经理,variant,,
V00222,会计经理,finance_manager,财务经理,variant,,
V00223,会计主管,finance_manager,财务经理,variant,,
V00224,会计,finance_manager,财务经理,variant,,
V00225,高级财务经理,finance_manager,财务经理,variant,,
V00226,财务总监,finance_manager,财务经理,senior_variant,,
V00227,CFO,finance_manager,财务经理,senior_variant,,
V00228,首席财务官,finance_manager,财务经理,senior_variant,,
V00229,财务VP,finance_manager,财务经理,senior_variant,,
V00230,财务副总裁,finance_manager,财务经理,senior_variant,,
V00231,审计经理,finance_manager,财务经理,domain_variant,审计,
V00232,审计负责人,finance_manager,财务经理,domain_variant,审计,
V00233,内审经理,finance_manager,财务经理,domain_variant,审计,
V00234,税务经理,finance_manager,财务经理,domain_variant,税务,
V00235,税务负责人,finance_manager,财务经理,domain_variant,税务,
V00236,资金经理,finance_manager,财务经理,domain_variant,资金,
V00237,资金负责人,finance_manager,财务经理,domain_variant,资金,
V00238,司库,finance_manager,财务经理,domain_variant,资金,
V00239,FP&A经理,finance_manager,财务经理,domain_variant,FP&A,
V00240,财务分析经理,finance_manager,财务经理,domain_variant,FP&A,
V00241,财务规划经理,finance_manager,财务经理,domain_variant,FP&A,
V00242,预算经理,finance_manager,财务经理,domain_variant,FP&A,
V00243,成本经理,finance_manager,财务经理,domain_variant,成本,
V00244,成本会计,finance_manager,财务经理,domain_variant,成本,
V00245,数据分析师,data_analyst,数据分析师,canonical,,
V00246,数据分析经理,data_analyst,数据分析师,variant,,
V00247,数据分析负责人,data_analyst,数据分析师,variant,,
V00248,数据分析主管,data_analyst,数据分析师,variant,,
V00249,数据专员,data_analyst,数据分析师,variant,,
V00250,数据负责人,data_analyst,数据分析师,variant,,
V00251,数据主管,data_analyst,数据分析师,variant,,
V00252,Data Analyst,data_analyst,数据分析师,variant,,
V00253,高级数据分析师,data_analyst,数据分析师,variant,,
V00254,资深数据分析师,data_analyst,数据分析师,variant,,
V00255,数据总监,data_analyst,数据分析师,senior_variant,,
V00256,数据VP,data_analyst,数据分析师,senior_variant,,
V00257,首席数据官,data_analyst,数据分析师,senior_variant,,
V00258,CDO,data_analyst,数据分析师,senior_variant,,
V00259,BI分析师,data_analyst,数据分析师,domain_variant,BI,
V00260,BI经理,data_analyst,数据分析师,domain_variant,BI,
V00261,BI负责人,data_analyst,数据分析师,domain_variant,BI,
V00262,商业智能分析师,data_analyst,数据分析师,domain_variant,BI,
V00263,商业分析师,data_analyst,数据分析师,domain_variant,商业分析,
V00264,业务分析师,data_analyst,数据分析师,domain_variant,商业分析,
V00265,BA,data_analyst,数据分析师,domain_variant,商业分析,
V00266,Business Analyst,data_analyst,数据分析师,domain_variant,商业分析,
V00267,数据运营,data_analyst,数据分析师,domain_variant,数据运营,
V00268,数据运营经理,data_analyst,数据分析师,domain_variant,数据运营,
V00269,数据产品经理,data_analyst,数据分析师,domain_variant,数据产品,
V00270,数据治理经理,data_analyst,数据分析师,domain_variant,数据治理,
V00271,数据质量经理,data_analyst,数据分析师,domain_variant,数据治理,
V00272,软件工程师,software_engineer,软件工程师,canonical,,
V00273,开发工程师,software_engineer,软件工程师,variant,,
V00274,研发工程师,software_engineer,软件工程师,variant,,
V00275,程序员,software_engineer,软件工程师,variant,,
V00276,高级工程师,software_engineer,软件工程师,variant,,
V00277,资深工程师,software_engineer,软件工程师,variant,,
V00278,技术负责人,software_engineer,软件工程师,variant,,
V00279,技术主管,software_engineer,软件工程师,variant,,
V00280,技术 leader,software_engineer,软件工程师,variant,,
V00281,tech lead,software_engineer,软件工程师,variant,,
V00282,team leader,software_engineer,软件工程师,variant,,
V00283,研发负责人,software_engineer,软件工程师,variant,,
V00284,开发负责人,software_engineer,软件工程师,variant,,
V00285,Software Engineer,software_engineer,软件工程师,variant,,
V00286,Developer,software_engineer,软件工程师,variant,,
V00287,全栈工程师,software_engineer,软件工程师,variant,,
V00288,技术总监,software_engineer,软件工程师,senior_variant,,
V00289,研发总监,software_engineer,软件工程师,senior_variant,,
V00290,CTO,software_engineer,软件工程师,senior_variant,,
V00291,首席技术官,software_engineer,软件工程师,senior_variant,,
V00292,技术VP,software_engineer,软件工程师,senior_variant,,
V00293,研发VP,software_engineer,软件工程师,senior_variant,,
V00294,工程VP,software_engineer,软件工程师,senior_variant,,
V00295,VP of Engineering,software_engineer,软件工程师,senior_variant,,
V00296,前端工程师,software_engineer,软件工程师,domain_variant,前端,
V00297,前端负责人,software_engineer,软件工程师,domain_variant,前端,
V00298,前端 leader,software_engineer,软件工程师,domain_variant,前端,
V00299,前端开发,software_engineer,软件工程师,domain_variant,前端,
V00300,Web开发工程师,software_engineer,软件工程师,domain_variant,前端,
V00301,后端工程师,software_engineer,软件工程师,domain_variant,后端,
V00302,后端负责人,software_engineer,软件工程师,domain_variant,后端,
V00303,后端 leader,software_engineer,软件工程师,domain_variant,后端,
V00304,后端开发,software_engineer,软件工程师,domain_variant,后端,
V00305,服务端开发,software_engineer,软件工程师,domain_variant,后端,
V00306,Java工程师,software_engineer,软件工程师,domain_variant,后端,
V00307,Go工程师,software_engineer,软件工程师,domain_variant,后端,
V00308,Python开发,software_engineer,软件工程师,domain_variant,后端,
V00309,AI后端工程师,software_engineer,软件工程师,domain_variant,后端,
V00310,iOS工程师,software_engineer,软件工程师,domain_variant,移动端,
V00311,Android工程师,software_engineer,软件工程师,domain_variant,移动端,
V00312,移动端工程师,software_engineer,软件工程师,domain_variant,移动端,
V00313,移动开发工程师,software_engineer,软件工程师,domain_variant,移动端,
V00314,客户端开发,software_engineer,软件工程师,domain_variant,移动端,
V00315,Flutter工程师,software_engineer,软件工程师,domain_variant,移动端,
V00316,React Native工程师,software_engineer,软件工程师,domain_variant,移动端,
V00317,嵌入式工程师,software_engineer,软件工程师,domain_variant,嵌入式,
V00318,嵌入式开发,software_engineer,软件工程师,domain_variant,嵌入式,
V00319,固件工程师,software_engineer,软件工程师,domain_variant,嵌入式,
V00320,DevOps工程师,software_engineer,软件工程师,domain_variant,DevOps,
V00321,SRE工程师,software_engineer,软件工程师,domain_variant,DevOps,
V00322,运维工程师,software_engineer,软件工程师,domain_variant,DevOps,
V00323,运维负责人,software_engineer,软件工程师,domain_variant,DevOps,
V00324,基础架构工程师,software_engineer,软件工程师,domain_variant,DevOps,
V00325,安全工程师,software_engineer,软件工程师,domain_variant,安全,
V00326,安全负责人,software_engineer,软件工程师,domain_variant,安全,
V00327,网络安全工程师,software_engineer,软件工程师,domain_variant,安全,
V00328,中间件工程师,software_engineer,软件工程师,domain_variant,中间件,
V00329,基础架构工程师,software_engineer,软件工程师,domain_variant,中间件,
V00330,音视频工程师,software_engineer,软件工程师,domain_variant,音视频,
V00331,多媒体开发工程师,software_engineer,软件工程师,domain_variant,音视频,
V00332,游戏开发工程师,software_engineer,软件工程师,domain_variant,游戏,
V00333,游戏客户端工程师,software_engineer,软件工程师,domain_variant,游戏,
V00334,游戏服务端工程师,software_engineer,软件工程师,domain_variant,游戏,
V00335,Unity开发,software_engineer,软件工程师,domain_variant,游戏,
V00336,UE开发,software_engineer,软件工程师,domain_variant,游戏,
V00337,测试工程师,test_engineer,测试工程师,canonical,,
V00338,测试负责人,test_engineer,测试工程师,variant,,
V00339,测试主管,test_engineer,测试工程师,variant,,
V00340,测试专员,test_engineer,测试工程师,variant,,
V00341,QA工程师,test_engineer,测试工程师,variant,,
V00342,QA,test_engineer,测试工程师,variant,,
V00343,质量工程师,test_engineer,测试工程师,variant,,
V00344,高级测试工程师,test_engineer,测试工程师,variant,,
V00345,资深测试工程师,test_engineer,测试工程师,variant,,
V00346,Test Engineer,test_engineer,测试工程师,variant,,
V00347,Quality Assurance,test_engineer,测试工程师,variant,,
V00348,测试经理,test_engineer,测试工程师,variant,,
V00349,测试总监,test_engineer,测试工程师,senior_variant,,
V00350,QA总监,test_engineer,测试工程师,senior_variant,,
V00351,测试VP,test_engineer,测试工程师,senior_variant,,
V00352,质量总监,test_engineer,测试工程师,senior_variant,,
V00353,自动化测试工程师,test_engineer,测试工程师,domain_variant,自动化,
V00354,自动化测试负责人,test_engineer,测试工程师,domain_variant,自动化,
V00355,性能测试工程师,test_engineer,测试工程师,domain_variant,性能,
V00356,安全测试工程师,test_engineer,测试工程师,domain_variant,安全,
V00357,渗透测试工程师,test_engineer,测试工程师,domain_variant,安全,
V00358,移动端测试工程师,test_engineer,测试工程师,domain_variant,移动端,
V00359,测试开发工程师,test_engineer,测试工程师,domain_variant,测试开发,
V00360,SDET,test_engineer,测试工程师,domain_variant,测试开发,
V00361,算法工程师,algorithm_engineer,算法工程师,canonical,,
V00362,算法负责人,algorithm_engineer,算法工程师,variant,,
V00363,算法主管,algorithm_engineer,算法工程师,variant,,
V00364,算法专家,algorithm_engineer,算法工程师,variant,,
V00365,算法 leader,algorithm_engineer,算法工程师,variant,,
V00366,算法 head,algorithm_engineer,算法工程师,variant,,
V00367,AI工程师,algorithm_engineer,算法工程师,variant,,
V00368,机器学习工程师,algorithm_engineer,算法工程师,variant,,
V00369,ML Engineer,algorithm_engineer,算法工程师,variant,,
V00370,高级算法工程师,algorithm_engineer,算法工程师,variant,,
V00371,资深算法工程师,algorithm_engineer,算法工程师,variant,,
V00372,算法总监,algorithm_engineer,算法工程师,senior_variant,,
V00373,AI总监,algorithm_engineer,算法工程师,senior_variant,,
V00374,首席科学家,algorithm_engineer,算法工程师,senior_variant,,
V00375,首席算法官,algorithm_engineer,算法工程师,senior_variant,,
V00376,AI VP,algorithm_engineer,算法工程师,senior_variant,,
V00377,NLP工程师,algorithm_engineer,算法工程师,domain_variant,NLP,
V00378,NLP算法工程师,algorithm_engineer,算法工程师,domain_variant,NLP,
V00379,自然语言处理工程师,algorithm_engineer,算法工程师,domain_variant,NLP,
V00380,CV工程师,algorithm_engineer,算法工程师,domain_variant,CV,
V00381,计算机视觉工程师,algorithm_engineer,算法工程师,domain_variant,CV,
V00382,图像算法工程师,algorithm_engineer,算法工程师,domain_variant,CV,
V00383,推荐算法工程师,algorithm_engineer,算法工程师,domain_variant,推荐,
V00384,推荐系统工程师,algorithm_engineer,算法工程师,domain_variant,推荐,
V00385,搜索推荐工程师,algorithm_engineer,算法工程师,domain_variant,推荐,
V00386,大模型工程师,algorithm_engineer,算法工程师,domain_variant,大模型,
V00387,LLM工程师,algorithm_engineer,算法工程师,domain_variant,大模型,
V00388,大模型算法工程师,algorithm_engineer,算法工程师,domain_variant,大模型,
V00389,语音算法工程师,algorithm_engineer,算法工程师,domain_variant,语音,
V00390,ASR工程师,algorithm_engineer,算法工程师,domain_variant,语音,
V00391,TTS工程师,algorithm_engineer,算法工程师,domain_variant,语音,
V00392,AIGC工程师,algorithm_engineer,算法工程师,domain_variant,AIGC,
V00393,生成式AI工程师,algorithm_engineer,算法工程师,domain_variant,AIGC,
V00394,数据挖掘工程师,algorithm_engineer,算法工程师,domain_variant,数据挖掘,
V00395,风控算法工程师,algorithm_engineer,算法工程师,domain_variant,数据挖掘,
V00396,机器人算法工程师,algorithm_engineer,算法工程师,domain_variant,机器人,
V00397,SLAM工程师,algorithm_engineer,算法工程师,domain_variant,机器人,
V00398,感知算法工程师,algorithm_engineer,算法工程师,domain_variant,机器人,
V00399,规划算法工程师,algorithm_engineer,算法工程师,domain_variant,机器人,
V00400,自动驾驶算法工程师,algorithm_engineer,算法工程师,domain_variant,自动驾驶,
V00401,感知算法,algorithm_engineer,算法工程师,domain_variant,自动驾驶,
V00402,决策规划算法,algorithm_engineer,算法工程师,domain_variant,自动驾驶,
V00403,法务经理,legal_manager,法务经理,canonical,,
V00404,法务负责人,legal_manager,法务经理,variant,,
V00405,法务主管,legal_manager,法务经理,variant,,
V00406,法务专员,legal_manager,法务经理,variant,,
V00407,法律顾问,legal_manager,法务经理,variant,,
V00408,公司律师,legal_manager,法务经理,variant,,
V00409,高级法务经理,legal_manager,法务经理,variant,,
V00410,法务总监,legal_manager,法务经理,senior_variant,,
V00411,首席法务官,legal_manager,法务经理,senior_variant,,
V00412,CLO,legal_manager,法务经理,senior_variant,,
V00413,总法律顾问,legal_manager,法务经理,senior_variant,,
V00414,法务VP,legal_manager,法务经理,senior_variant,,
V00415,合规经理,legal_manager,法务经理,domain_variant,合规,
V00416,合规负责人,legal_manager,法务经理,domain_variant,合规,
V00417,合规总监,legal_manager,法务经理,domain_variant,合规,
V00418,知识产权经理,legal_manager,法务经理,domain_variant,知识产权,
V00419,IP经理,legal_manager,法务经理,domain_variant,知识产权,
V00420,专利工程师,legal_manager,法务经理,domain_variant,知识产权,
V00421,诉讼律师,legal_manager,法务经理,domain_variant,商事诉讼,
V00422,争议解决律师,legal_manager,法务经理,domain_variant,商事诉讼,
V00423,数据合规经理,legal_manager,法务经理,domain_variant,数据合规,
V00424,隐私合规经理,legal_manager,法务经理,domain_variant,数据合规,
V00425,DPO,legal_manager,法务经理,domain_variant,数据合规,
V00426,供应链经理,supply_chain_manager,供应链经理,canonical,,
V00427,供应链负责人,supply_chain_manager,供应链经理,variant,,
V00428,供应链主管,supply_chain_manager,供应链经理,variant,,
V00429,供应链专员,supply_chain_manager,供应链经理,variant,,
V00430,高级供应链经理,supply_chain_manager,供应链经理,variant,,
V00431,Supply Chain Manager,supply_chain_manager,供应链经理,variant,,
V00432,供应链总监,supply_chain_manager,供应链经理,senior_variant,,
V00433,供应链VP,supply_chain_manager,供应链经理,senior_variant,,
V00434,首席供应链官,supply_chain_manager,供应链经理,senior_variant,,
V00435,采购经理,supply_chain_manager,供应链经理,domain_variant,采购,
V00436,采购负责人,supply_chain_manager,供应链经理,domain_variant,采购,
V00437,采购主管,supply_chain_manager,供应链经理,domain_variant,采购,
V00438,采购专员,supply_chain_manager,供应链经理,domain_variant,采购,
V00439,战略采购经理,supply_chain_manager,供应链经理,domain_variant,采购,
V00440,物流经理,supply_chain_manager,供应链经理,domain_variant,物流,
V00441,物流负责人,supply_chain_manager,供应链经理,domain_variant,物流,
V00442,物流主管,supply_chain_manager,供应链经理,domain_variant,物流,
V00443,配送经理,supply_chain_manager,供应链经理,domain_variant,物流,
V00444,仓储经理,supply_chain_manager,供应链经理,domain_variant,仓储,
V00445,仓储负责人,supply_chain_manager,供应链经理,domain_variant,仓储,
V00446,仓库主管,supply_chain_manager,供应链经理,domain_variant,仓储,
V00447,计划经理,supply_chain_manager,供应链经理,domain_variant,计划,
V00448,生产计划经理,supply_chain_manager,供应链经理,domain_variant,计划,
V00449,需求计划经理,supply_chain_manager,供应链经理,domain_variant,计划,
V00450,S&OP经理,supply_chain_manager,供应链经理,domain_variant,计划,
V00451,质量经理,supply_chain_manager,供应链经理,domain_variant,质量,
V00452,品控经理,supply_chain_manager,供应链经理,domain_variant,质量,
V00453,品质经理,supply_chain_manager,供应链经理,domain_variant,质量,
V00454,质量负责人,supply_chain_manager,供应链经理,domain_variant,质量,
V00455,IQC经理,supply_chain_manager,供应链经理,domain_variant,质量,
V00456,生产经理,supply_chain_manager,供应链经理,domain_variant,生产,
V00457,生产负责人,supply_chain_manager,供应链经理,domain_variant,生产,
V00458,制造经理,supply_chain_manager,供应链经理,domain_variant,生产,
V00459,工厂经理,supply_chain_manager,供应链经理,domain_variant,生产,
V00460,厂长,supply_chain_manager,供应链经理,domain_variant,生产,
V00461,供应商管理经理,supply_chain_manager,供应链经理,domain_variant,供应商,
V00462,SQE,supply_chain_manager,供应链经理,domain_variant,供应商,
V00463,供应商质量工程师,supply_chain_manager,供应链经理,domain_variant,供应商,
V00464,设计师,designer,设计师,canonical,,
V00465,设计负责人,designer,设计师,variant,,
V00466,设计主管,designer,设计师,variant,,
V00467,高级设计师,designer,设计师,variant,,
V00468,资深设计师,designer,设计师,variant,,
V00469,设计 leader,designer,设计师,variant,,
V00470,Design Lead,designer,设计师,variant,,
V00471,Designer,designer,设计师,variant,,
V00472,设计总监,designer,设计师,senior_variant,,
V00473,创意总监,designer,设计师,senior_variant,,
V00474,首席设计师,designer,设计师,senior_variant,,
V00475,CDO,designer,设计师,senior_variant,,
V00476,设计VP,designer,设计师,senior_variant,,
V00477,UX设计师,designer,设计师,domain_variant,UX,
V00478,用户体验设计师,designer,设计师,domain_variant,UX,
V00479,UX研究员,designer,设计师,domain_variant,UX,
V00480,UX Researcher,designer,设计师,domain_variant,UX,
V00481,UI设计师,designer,设计师,domain_variant,UI,
V00482,界面设计师,designer,设计师,domain_variant,UI,
V00483,交互设计师,designer,设计师,domain_variant,交互,
V00484,Interaction Designer,designer,设计师,domain_variant,交互,
V00485,视觉设计师,designer,设计师,domain_variant,视觉,
V00486,平面设计师,designer,设计师,domain_variant,视觉,
V00487,Graphic Designer,designer,设计师,domain_variant,视觉,
V00488,品牌设计师,designer,设计师,domain_variant,品牌,
V00489,动效设计师,designer,设计师,domain_variant,动效,
V00490,Motion Designer,designer,设计师,domain_variant,动效,
V00491,3D设计师,designer,设计师,domain_variant,3D,
V00492,三维设计师,designer,设计师,domain_variant,3D,
V00493,工业设计师,designer,设计师,domain_variant,工业,
V00494,产品设计师,designer,设计师,domain_variant,工业,
V00495,ID设计师,designer,设计师,domain_variant,工业,
V00496,服务设计师,designer,设计师,domain_variant,服务,
V00497,架构师,architect,架构师,canonical,,
V00498,架构负责人,architect,架构师,variant,,
V00499,高级架构师,architect,架构师,variant,,
V00500,资深架构师,architect,架构师,variant,,
V00501,Architect,architect,架构师,variant,,
V00502,Tech Architect,architect,架构师,variant,,
V00503,首席架构师,architect,架构师,senior_variant,,
V00504,架构总监,architect,架构师,senior_variant,,
V00505,Chief Architect,architect,架构师,senior_variant,,
V00506,系统架构师,architect,架构师,domain_variant,系统,
V00507,System Architect,architect,架构师,domain_variant,系统,
V00508,平台架构师,architect,架构师,domain_variant,平台,
V00509,解决方案架构师,architect,架构师,domain_variant,解决方案,
V00510,Solution Architect,architect,架构师,domain_variant,解决方案,
V00511,云架构师,architect,架构师,domain_variant,云,
V00512,Cloud Architect,architect,架构师,domain_variant,云,
V00513,数据架构师,architect,架构师,domain_variant,数据,
V00514,Data Architect,architect,架构师,domain_variant,数据,
V00515,AI架构师,architect,架构师,domain_variant,AI,
V00516,安全架构师,architect,架构师,domain_variant,安全,
V00517,前端架构师,architect,架构师,domain_variant,前端,
V00518,业务架构师,architect,架构师,domain_variant,业务,
V00519,IT架构师,architect,架构师,domain_variant,IT,
V00520,行政经理,admin_manager,行政经理,canonical,,
V00521,行政负责人,admin_manager,行政经理,variant,,
V00522,行政主管,admin_manager,行政经理,variant,,
V00523,行政专员,admin_manager,行政经理,variant,,
V00524,行政助理,admin_manager,行政经理,variant,,
V00525,办公室主任,admin_manager,行政经理,variant,,
V00526,高级行政经理,admin_manager,行政经理,variant,,
V00527,行政总监,admin_manager,行政经理,senior_variant,,
V00528,行政VP,admin_manager,行政经理,senior_variant,,
V00529,首席行政官,admin_manager,行政经理,senior_variant,,
V00530,CAO,admin_manager,行政经理,senior_variant,,
V00531,前台主管,admin_manager,行政经理,domain_variant,前台,
V00532,前台经理,admin_manager,行政经理,domain_variant,前台,
V00533,后勤经理,admin_manager,行政经理,domain_variant,后勤,
V00534,后勤主管,admin_manager,行政经理,domain_variant,后勤,
V00535,设施管理经理,admin_manager,行政经理,domain_variant,后勤,
V00536,总裁秘书,admin_manager,行政经理,domain_variant,秘书,
V00537,董事长秘书,admin_manager,行政经理,domain_variant,秘书,
V00538,高管助理,admin_manager,行政经理,domain_variant,秘书,
V00539,EA,admin_manager,行政经理,domain_variant,秘书,
V00540,Executive Assistant,admin_manager,行政经理,domain_variant,秘书,
V00541,文秘,admin_manager,行政经理,domain_variant,文秘,
V00542,综合管理,admin_manager,行政经理,domain_variant,文秘,
V00543,政府关系经理,admin_manager,行政经理,domain_variant,政府关系,
V00544,GR经理,admin_manager,行政经理,domain_variant,政府关系,
V00545,公共事务经理,admin_manager,行政经理,domain_variant,政府关系,
V00546,总经理,general_manager,总经理,canonical,,
V00547,副总经理,general_manager,总经理,variant,,
V00548,总经理,general_manager,总经理,variant,,
V00549,事业部总经理,general_manager,总经理,variant,,
V00550,分公司总经理,general_manager,总经理,variant,,
V00551,业务总监,general_manager,总经理,variant,,
V00552,业务负责人,general_manager,总经理,variant,,
V00553,部门负责人,general_manager,总经理,variant,,
V00554,部门经理,general_manager,总经理,variant,,
V00555,团队负责人,general_manager,总经理,variant,,
V00556,团队 leader,general_manager,总经理,variant,,
V00557,中后台负责人,general_manager,总经理,variant,,
V00558,中台负责人,general_manager,总经理,variant,,
V00559,职业经理人,general_manager,总经理,variant,,
V00560,GM,general_manager,总经理,variant,,
V00561,General Manager,general_manager,总经理,variant,,
V00562,职业经理,general_manager,总经理,variant,,
V00563,执行总监,general_manager,总经理,variant,,
V00564,高级经理,general_manager,总经理,variant,,
V00565,业务助理,general_manager,总经理,variant,,
V00566,CEO,general_manager,总经理,senior_variant,,
V00567,总裁,general_manager,总经理,senior_variant,,
V00568,执行总裁,general_manager,总经理,senior_variant,,
V00569,董事长,general_manager,总经理,senior_variant,,
V00570,联合创始人,general_manager,总经理,senior_variant,,
V00571,创始人,general_manager,总经理,senior_variant,,
V00572,执行董事,general_manager,总经理,senior_variant,,
V00573,董事总经理,general_manager,总经理,senior_variant,,
V00574,MD,general_manager,总经理,senior_variant,,
V00575,CIO,general_manager,总经理,senior_variant,,
V00576,海外业务负责人,general_manager,总经理,domain_variant,海外,
V00577,海外总经理,general_manager,总经理,domain_variant,海外,
V00578,国际业务负责人,general_manager,总经理,domain_variant,海外,
V00579,区域业务负责人,general_manager,总经理,domain_variant,区域,
V00580,区域总经理,general_manager,总经理,domain_variant,区域,
V00581,事业部总经理,general_manager,总经理,domain_variant,事业部,
V00582,BU负责人,general_manager,总经理,domain_variant,事业部,
V00583,中后台负责人,general_manager,总经理,domain_variant,中台,
V00584,中台负责人,general_manager,总经理,domain_variant,中台,
V00585,项目经理,project_manager,项目经理,canonical,,
V00586,项目负责人,project_manager,项目经理,variant,,
V00587,项目主管,project_manager,项目经理,variant,,
V00588,项目专员,project_manager,项目经理,variant,,
V00589,项目助理,project_manager,项目经理,variant,,
V00590,PMO,project_manager,项目经理,variant,,
V00591,高级项目经理,project_manager,项目经理,variant,,
V00592,资深项目经理,project_manager,项目经理,variant,,
V00593,Project Manager,project_manager,项目经理,variant,,
V00594,项目总监,project_manager,项目经理,senior_variant,,
V00595,PMO总监,project_manager,项目经理,senior_variant,,
V00596,PMO负责人,project_manager,项目经理,senior_variant,,
V00597,项目VP,project_manager,项目经理,senior_variant,,
V00598,技术项目经理,project_manager,项目经理,domain_variant,技术,
V00599,TPM,project_manager,项目经理,domain_variant,技术,
V00600,Technical Program Manager,project_manager,项目经理,domain_variant,技术,
V00601,交付经理,project_manager,项目经理,domain_variant,交付,
V00602,交付负责人,project_manager,项目经理,domain_variant,交付,
V00603,实施经理,project_manager,项目经理,domain_variant,交付,
V00604,工程项目经理,project_manager,项目经理,domain_variant,工程,
V00605,机械工程师,mechanical_engineer,机械工程师,canonical,,
V00606,机械负责人,mechanical_engineer,机械工程师,variant,,
V00607,机械主管,mechanical_engineer,机械工程师,variant,,
V00608,高级机械工程师,mechanical_engineer,机械工程师,variant,,
V00609,资深机械工程师,mechanical_engineer,机械工程师,variant,,
V00610,Mechanical Engineer,mechanical_engineer,机械工程师,variant,,
V00611,机械总监,mechanical_engineer,机械工程师,senior_variant,,
V00612,硬件技术总监,mechanical_engineer,机械工程师,senior_variant,,
V00613,硬件VP,mechanical_engineer,机械工程师,senior_variant,,
V00614,结构工程师,mechanical_engineer,机械工程师,domain_variant,结构,
V00615,机械结构工程师,mechanical_engineer,机械工程师,domain_variant,结构,
V00616,结构设计工程师,mechanical_engineer,机械工程师,domain_variant,结构,
V00617,硬件工程师,mechanical_engineer,机械工程师,domain_variant,硬件,
V00618,硬件负责人,mechanical_engineer,机械工程师,domain_variant,硬件,
V00619,硬件主管,mechanical_engineer,机械工程师,domain_variant,硬件,
V00620,硬件设计工程师,mechanical_engineer,机械工程师,domain_variant,硬件,
V00621,电气工程师,mechanical_engineer,机械工程师,domain_variant,电气,
V00622,电子工程师,mechanical_engineer,机械工程师,domain_variant,电气,
V00623,EE工程师,mechanical_engineer,机械工程师,domain_variant,电气,
V00624,嵌入式硬件工程师,mechanical_engineer,机械工程师,domain_variant,嵌入式,
V00625,光学工程师,mechanical_engineer,机械工程师,domain_variant,光学,
V00626,热设计工程师,mechanical_engineer,机械工程师,domain_variant,热设计,
V00627,散热工程师,mechanical_engineer,机械工程师,domain_variant,热设计,
V00628,仿真工程师,mechanical_engineer,机械工程师,domain_variant,仿真,
V00629,CAE工程师,mechanical_engineer,机械工程师,domain_variant,仿真,
